train/learning_rate,rollout/ep_len_mean,time/time_elapsed,rollout/ep_rew_mean,train/actor_loss,train/n_updates,train/critic_loss,rollout/success_rate,time/episodes,time/fps,time/total_timesteps
0.001,92.7,10,-36.070123,1.4783551692962646,826,0.004521411843597889,0.0,10,84,927
0.001,55.7,13,-22.349837450000003,1.537048101425171,1013,0.00540348282083869,0.0,20,83,1114
0.001,49.9,18,-18.99605783333333,1.869765281677246,1396,0.011266585439443588,0.0,30,83,1497
0.001,52.9,25,-18.697050625000003,2.2894723415374756,2015,0.007839706726372242,0.0,40,82,2116
0.001,50.1,30,-17.513347139999997,2.5483999252319336,2404,0.004156135022640228,0.0,50,82,2505
0.001,62.8,45,-19.461395766666666,2.795520782470703,3667,0.008025242947041988,0.0,60,82,3768
0.001,92.15714285714286,93,-23.198995371428566,2.8285903930664062,6350,0.0018125791102647781,0.0,70,69,6451
0.001,111.7875,122,-25.44791925,2.452793598175049,8842,0.00405912334099412,0.0,80,72,8943
0.001,128.8111111111111,160,-26.192216511111116,2.037827253341675,11492,0.002013634890317917,0.0,90,72,11593
0.001,152.12,213,-28.197583069999997,1.8448712825775146,15111,0.002802327973768115,0.01,100,71,15212
0.001,169.15,245,-27.170273679999994,1.6760715246200562,17741,0.0030819731764495373,0.03,110,72,17842
0.001,194.6,284,-29.60846205,0.9668918251991272,20473,0.009485584683716297,0.04,120,72,20574
0.001,220.42,321,-30.371238649999995,-0.19287730753421783,23438,0.007571028079837561,0.08,130,73,23539
0.001,246.23,368,-31.99936597,-1.038806676864624,26638,0.027093634009361267,0.1,140,72,26739
0.001,277.89,416,-33.75557783,-1.4078805446624756,30193,0.01755255088210106,0.11,150,72,30294
0.001,284.48,439,-32.69245725,-1.94166100025177,32115,0.02385523170232773,0.14,160,73,32216
0.001,295.67,489,-32.982752690000005,-1.5860488414764404,35917,0.020109867677092552,0.14,170,73,36018
0.001,297.3,520,-31.096755480000006,-1.2705705165863037,38572,0.015308945439755917,0.18,180,74,38673
0.001,294.67,553,-30.179915920000006,-1.2340312004089355,40959,0.022408422082662582,0.22,190,74,41060
0.001,274.66,571,-27.223102139999995,-0.9043178558349609,42577,0.011817893013358116,0.23,200,74,42678
0.001,271.48,597,-25.775127590000007,-1.0496430397033691,44889,0.014459427446126938,0.27,210,75,44990
0.001,262.73,622,-24.075973310000006,-1.1427417993545532,46746,0.021453019231557846,0.31,220,75,46847
0.001,250.84,642,-23.024941299999995,-1.544774055480957,48522,0.01803870126605034,0.35,230,75,48623
0.001,231.29,657,-20.252969099999998,-1.438866138458252,49767,0.124643474817276,0.41,240,75,49868
0.001,215.52,683,-18.363793379999997,-1.4768471717834473,51745,0.024581292644143105,0.45,250,75,51846
0.001,227.17,717,-18.229377799999998,-1.6869274377822876,54832,0.03805772215127945,0.46,260,76,54933
0.001,204.3,739,-14.96024165,-1.687241554260254,56347,0.025103285908699036,0.49,270,76,56448
0.001,201.84,768,-14.581026219999998,-2.1042795181274414,58756,0.055860765278339386,0.51,280,76,58857
0.001,191.1,790,-13.1171832,-2.140775442123413,60069,0.030424924567341805,0.54,290,76,60170
0.001,189.02,805,-12.29535319,-2.5889530181884766,61479,0.04350731894373894,0.59,300,76,61580
0.001,189.12,831,-12.86785556,-2.437230348587036,63801,0.06425309181213379,0.57,310,76,63902
0.001,203.9,872,-15.217469379999997,-2.0963191986083984,67136,0.05198994278907776,0.55,320,77,67237
0.001,197.45,885,-14.889730209999998,-1.963910698890686,68267,0.05591639503836632,0.54,330,77,68368
0.001,198.4,900,-15.011955660000002,-1.9769749641418457,69607,0.032892048358917236,0.53,340,77,69708
0.001,201.04,928,-15.182814660000002,-1.985107421875,71849,0.029669685289263725,0.54,350,77,71950
0.001,183.18,942,-14.160312390000001,-1.756617546081543,73150,0.052694372832775116,0.58,360,77,73251
0.001,177.86,953,-13.52734718,-2.041656494140625,74133,0.0393783338367939,0.62,370,77,74234
0.001,163.58,967,-12.116843979999999,-2.2236032485961914,75114,0.042759720236063004,0.65,380,77,75215
0.001,161.67,979,-12.237349090000002,-2.149503231048584,76236,0.03586956113576889,0.65,390,77,76337
0.001,161.16,995,-12.307966540000002,-2.1298699378967285,77595,0.05334144085645676,0.64,400,78,77696
0.001,154.29,1014,-11.799458609999999,-2.259122848510742,79230,0.028490573167800903,0.66,410,78,79331
0.001,127.13,1021,-7.90094563,-2.5715556144714355,79849,0.04042065888643265,0.72,420,78,79950
0.001,133.0,1044,-8.10071531,-2.1570281982421875,81567,0.0336233489215374,0.74,430,78,81668
0.001,137.14,1063,-8.0596582,-2.124042272567749,83321,0.04575778543949127,0.76,440,78,83422
0.001,125.03,1075,-6.936162100000001,-2.347001075744629,84352,0.037573639303445816,0.79,450,78,84453
0.001,121.42,1087,-6.502566729999999,-2.097965955734253,85292,0.02847195416688919,0.8,460,78,85393
0.001,118.98,1095,-5.820164770000002,-2.3272461891174316,86031,0.038012005388736725,0.81,470,78,86132
0.001,118.04,1105,-5.623210810000001,-2.230555534362793,86918,0.04215607792139053,0.81,480,78,87019
0.001,112.74,1111,-4.88000382,-2.0472776889801025,87510,0.051815979182720184,0.82,490,78,87611
0.001,106.86,1120,-4.5812681799999995,-2.3351173400878906,88281,0.17153507471084595,0.83,500,78,88382
0.001,101.41,1133,-3.9199375199999995,-2.780862331390381,89371,0.06990452855825424,0.86,510,78,89472
0.001,102.51,1147,-3.9784377600000003,-2.2537589073181152,90100,0.03988395631313324,0.87,520,78,90201
0.001,95.1,1157,-3.97941372,-2.0877609252929688,91077,0.047806404531002045,0.85,530,78,91178
0.001,89.8,1171,-3.9818770700000012,-2.243856430053711,92301,0.0692034661769867,0.84,540,78,92402
0.001,87.76,1180,-4.60625754,-1.979172706604004,93128,0.07776563614606857,0.8,550,78,93229
0.001,84.46,1187,-5.22360245,-2.426264762878418,93738,0.047159940004348755,0.75,560,79,93839
0.001,87.16,1198,-5.6091539400000014,-2.6382551193237305,94747,0.15717758238315582,0.76,570,79,94848
0.001,92.21,1215,-7.042922529999999,-1.934245228767395,96139,0.05111441761255264,0.72,580,79,96240
0.001,96.4,1227,-7.45201455,-2.3654117584228516,97150,0.06045323982834816,0.72,590,79,97251
0.001,99.04,1239,-7.816699440000001,-2.0513644218444824,98185,0.04401614889502525,0.73,600,79,98286
0.001,94.38,1246,-7.563447749999999,-2.7670092582702637,98809,0.055798470973968506,0.72,610,79,98910
0.001,92.92,1252,-7.12113959,-2.1659226417541504,99392,0.10135330259799957,0.72,620,79,99493
0.001,93.03,1266,-6.490013299999999,-2.6516075134277344,100380,0.07171112298965454,0.75,630,79,100481
0.001,88.44,1274,-5.910906479999999,-2.130279541015625,101145,0.05310201644897461,0.77,640,79,101246
0.001,86.88,1281,-5.6410931799999995,-2.464677572250366,101816,0.06121762841939926,0.8,650,79,101917
0.001,87.27,1289,-4.644735690000001,-2.5251338481903076,102465,0.07582230120897293,0.86,660,79,102566
0.001,85.9,1299,-4.183489519999999,-2.5293326377868652,103337,0.050383441150188446,0.87,670,79,103438
0.001,77.66,1305,-2.80777425,-2.2193069458007812,103905,0.07029557228088379,0.89,680,79,104006
0.001,72.53,1311,-2.20527767,-1.9104349613189697,104403,0.05878087133169174,0.89,690,79,104504
0.001,69.71,1321,-1.36022235,-2.9285430908203125,105156,0.0931338220834732,0.91,700,79,105257
0.001,72.21,1330,-1.5717839200000001,-2.0442099571228027,106030,0.05449553579092026,0.92,710,79,106131
0.001,80.26,1345,-3.90365796,-2.2285075187683105,107418,0.12466753274202347,0.91,720,79,107519
0.001,81.91,1358,-4.37546245,-2.2331395149230957,108571,0.08770087361335754,0.9,730,79,108672
0.001,79.11,1363,-4.176091090000001,-2.6227173805236816,109056,0.08495225757360458,0.89,740,80,109157
0.001,84.23,1379,-4.932175910000001,-2.0138187408447266,110239,0.05450257658958435,0.88,750,79,110340
0.001,90.21,1393,-5.771744430000001,-2.1681532859802246,111486,0.0730898529291153,0.88,760,80,111587
0.001,89.18,1401,-5.81500847,-2.6953420639038086,112255,0.136904776096344,0.87,770,80,112356
0.001,90.78,1409,-5.92638625,-2.254194498062134,112983,0.07997304201126099,0.87,780,80,113084
0.001,92.14,1416,-6.115872760000001,-2.349764585494995,113617,0.05758286640048027,0.88,790,80,113718
0.001,96.07,1429,-7.410166090000001,-2.179028034210205,114763,0.0745762288570404,0.84,800,80,114864
0.001,95.68,1440,-7.28949264,-2.5752663612365723,115598,0.06019242852926254,0.85,810,80,115699
0.001,87.96,1447,-5.444199080000001,-2.3064699172973633,116214,0.059869661927223206,0.86,820,80,116315
0.001,84.44,1457,-5.13170538,-2.5533199310302734,117015,0.0786433070898056,0.86,830,80,117116
0.001,85.64,1464,-5.808634609999998,-2.346561908721924,117620,0.13254740834236145,0.85,840,80,117721
0.001,88.53,1481,-5.785393729999999,-2.5240743160247803,119092,0.0787203386425972,0.87,850,80,119193
0.001,83.15,1489,-5.2153935,-2.0271482467651367,119801,0.08768554031848907,0.86,860,80,119902
0.001,83.12,1499,-5.5198253699999995,-2.0919322967529297,120567,0.06730309128761292,0.85,870,80,120668
0.001,86.2,1511,-5.6832461300000015,-2.5304596424102783,121603,0.058758094906806946,0.87,880,80,121704
0.001,85.87,1517,-5.62206687,-2.140864372253418,122204,0.06379515677690506,0.87,890,80,122305
0.001,83.71,1527,-4.752981129999999,-2.464487314224243,123134,0.13028576970100403,0.89,900,80,123235
0.001,81.07,1534,-4.489355290000001,-2.2349064350128174,123705,0.06060980260372162,0.89,910,80,123806
0.001,86.09,1546,-5.215115870000001,-2.3673794269561768,124823,0.08451731503009796,0.88,920,80,124924
0.001,89.46,1561,-5.751886420000002,-2.4542877674102783,125961,0.12102749943733215,0.87,930,80,126062
0.001,92.81,1572,-5.79344759,-2.425027370452881,126901,0.06810633838176727,0.88,940,80,127002
0.001,85.0,1580,-4.6131964000000005,-2.3028452396392822,127592,0.09958696365356445,0.89,950,80,127693
0.001,83.74,1586,-4.512995740000001,-2.7079567909240723,128175,0.08285824954509735,0.9,960,80,128276
0.001,82.0,1593,-3.8008874700000006,-2.1965880393981934,128767,0.0833742767572403,0.92,970,80,128868
0.001,77.31,1600,-3.25715166,-2.2654314041137695,129334,0.08913327753543854,0.92,980,80,129435
0.001,77.41,1608,-3.208654240000001,-2.4602997303009033,129945,0.08357753604650497,0.93,990,80,130046
0.001,76.91,1618,-3.03979881,-2.165731906890869,130825,0.11297890543937683,0.93,1000,80,130926
0.001,80.64,1629,-3.343743779999999,-2.5569684505462646,131769,0.13718244433403015,0.92,1010,80,131870
0.001,82.97,1644,-3.56825307,-2.2416458129882812,133120,0.13626715540885925,0.91,1020,81,133221
0.001,79.2,1653,-2.8752834899999997,-2.360722541809082,133881,0.1403546780347824,0.92,1030,81,133982
0.001,78.18,1662,-2.46351783,-2.357337474822998,134719,0.06627604365348816,0.93,1040,81,134820
0.001,78.5,1672,-2.5210942,-2.2428016662597656,135442,0.0837918147444725,0.93,1050,81,135543
0.001,85.06,1686,-2.9972525900000004,-2.4457509517669678,136681,0.08638949692249298,0.92,1060,81,136782
0.001,86.66,1694,-3.51497027,-2.3057315349578857,137433,0.08769995719194412,0.91,1070,81,137534
0.001,91.06,1705,-3.95790781,-2.3217320442199707,138440,0.09633958339691162,0.91,1080,81,138541
0.001,96.36,1717,-4.3621910999999995,-2.289104461669922,139581,0.07765045017004013,0.9,1090,81,139682
0.001,95.67,1728,-4.30312748,-2.322009325027466,140392,0.17935711145401,0.91,1100,81,140493
0.001,93.49,1736,-3.8798748700000005,-2.0093250274658203,141118,0.09995734691619873,0.92,1110,81,141219
0.001,84.86,1742,-2.74689537,-2.2947163581848145,141606,0.08439058065414429,0.93,1120,81,141707
0.001,84.68,1750,-2.8517142,-1.9563720226287842,142349,0.09175114333629608,0.94,1130,81,142450
0.001,81.57,1756,-2.7085802700000006,-2.444296360015869,142876,0.08521534502506256,0.93,1140,81,142977
0.001,80.13,1763,-2.79291378,-2.179112672805786,143455,0.1768149435520172,0.92,1150,81,143556
0.001,75.74,1772,-2.7202934400000003,-2.2967934608459473,144255,0.116324782371521,0.92,1160,81,144356
0.001,75.44,1782,-2.47932971,-2.545379161834717,144977,0.0928010642528534,0.93,1170,81,145078
0.001,69.43,1786,-1.7274919000000002,-2.199889898300171,145383,0.10236792266368866,0.94,1180,81,145484
0.001,63.89,1793,-1.1299056699999999,-2.296769380569458,145970,0.09784537553787231,0.95,1190,81,146071
0.001,63.82,1802,-0.9881531799999999,-1.8539581298828125,146774,0.096877321600914,0.96,1200,81,146875
0.001,68.81,1816,-1.9793155199999994,-2.2704918384552,147999,0.2745693624019623,0.94,1210,81,148100
0.001,69.22,1822,-1.94548306,-2.4499106407165527,148528,0.1304016262292862,0.95,1220,81,148629
0.001,69.47,1831,-1.63466822,-2.5891146659851074,149296,0.09426596760749817,0.95,1230,81,149397
0.001,69.99,1837,-1.71273887,-2.6268792152404785,149875,0.0855860710144043,0.96,1240,81,149976
0.001,70.13,1846,-1.78834591,-2.4967830181121826,150468,0.11147691309452057,0.96,1250,81,150569
0.001,68.38,1853,-1.38997061,-2.3193554878234863,151093,0.07940781116485596,0.97,1260,81,151194
0.001,67.34,1859,-1.3209138099999997,-1.956848382949829,151711,0.1110607162117958,0.97,1270,81,151812
0.001,70.61,1867,-1.93067235,-2.073732852935791,152444,0.06866955757141113,0.97,1280,81,152545
0.001,72.45,1876,-2.30846846,-1.765131950378418,153215,0.08448256552219391,0.97,1290,81,153316
0.001,69.71,1882,-2.1213854999999997,-1.969796895980835,153745,0.0724213570356369,0.97,1300,81,153846
0.001,62.47,1887,-1.02195225,-1.866912603378296,154246,0.10795033723115921,0.99,1310,81,154347
0.001,63.39,1894,-1.2704733600000002,-2.4978888034820557,154867,0.1283227801322937,0.98,1320,81,154968
0.001,62.77,1903,-1.3879117800000003,-2.5567915439605713,155573,0.13479286432266235,0.97,1330,81,155674
0.001,62.19,1909,-1.10292332,-2.0549941062927246,156094,0.08163532614707947,0.97,1340,81,156195
0.001,62.5,1916,-1.0475071399999998,-2.1630706787109375,156718,0.0879630595445633,0.97,1350,81,156819
0.001,63.16,1924,-1.23009739,-2.6311216354370117,157409,0.0937008336186409,0.97,1360,81,157510
0.001,63.74,1931,-1.1028650899999999,-1.9264522790908813,158085,0.17251573503017426,0.97,1370,81,158186
0.001,61.77,1938,-0.79625405,-2.13033127784729,158621,0.07660862803459167,0.96,1380,81,158722
0.001,59.69,1944,-0.49365184000000006,-2.2425599098205566,159184,0.12469428777694702,0.95,1390,81,159285
0.001,62.93,1958,-1.1148904800000001,-2.715682029724121,160038,0.07647781074047089,0.93,1400,81,160139
0.001,63.4,1964,-1.1978727700000003,-2.3246123790740967,160586,0.09206723421812057,0.93,1410,81,160687
0.001,63.82,1971,-1.2512369600000002,-2.51999568939209,161249,0.08424845337867737,0.93,1420,81,161350
0.001,65.97,1981,-1.1814384900000001,-2.347426414489746,162170,0.09978777170181274,0.94,1430,81,162271
0.001,66.31,1987,-1.35700943,-1.9676882028579712,162725,0.2033727616071701,0.93,1440,81,162826
0.001,66.08,1994,-1.04743705,-2.2921969890594482,163326,0.11712861806154251,0.94,1450,81,163427
0.001,64.37,2000,-0.82031526,-2.324108600616455,163846,0.08816030621528625,0.93,1460,81,163947
0.001,63.15,2007,-1.0080534900000002,-1.8722660541534424,164400,0.12255509942770004,0.92,1470,81,164501
0.001,65.01,2016,-1.1240694700000002,-2.0492520332336426,165122,0.07417478412389755,0.93,1480,81,165223
0.001,65.97,2023,-1.28682247,-2.749105453491211,165781,0.1302925944328308,0.93,1490,81,165882
0.001,64.15,2031,-0.8867399699999998,-1.994374394416809,166453,0.0818709060549736,0.94,1500,82,166554
0.001,64.33,2037,-1.09087934,-2.517829418182373,167019,0.1799018532037735,0.92,1510,82,167120
0.001,62.98,2043,-0.8305725599999998,-2.4287757873535156,167547,0.09828726202249527,0.93,1520,82,167648
0.001,61.53,2051,-1.0917277000000003,-2.2747933864593506,168323,0.09399829059839249,0.92,1530,82,168424
0.001,63.63,2060,-1.346744,-2.0767810344696045,169088,0.09122887253761292,0.92,1540,82,169189
0.001,62.47,2066,-1.4944550699999999,-2.150214672088623,169573,0.11983632296323776,0.91,1550,82,169674
0.001,62.51,2073,-1.4984320299999998,-2.383920669555664,170097,0.14507617056369781,0.92,1560,82,170198
0.001,64.24,2081,-1.8312049300000002,-2.3273773193359375,170824,0.1002591922879219,0.91,1570,82,170925
0.001,61.93,2086,-1.7723653799999994,-2.5060019493103027,171315,0.11324256658554077,0.9,1580,82,171416
0.001,60.43,2092,-1.6865560499999999,-2.3170828819274902,171824,0.1018686443567276,0.9,1590,82,171925
0.001,59.07,2098,-1.26918436,-2.6468896865844727,172360,0.09728626161813736,0.91,1600,82,172461
0.001,57.9,2103,-0.9940616199999998,-2.309035539627075,172809,0.12750162184238434,0.93,1610,82,172910
0.001,61.27,2113,-1.3744718900000001,-2.36808705329895,173674,0.1226029098033905,0.92,1620,82,173775
0.001,60.56,2121,-1.3899618500000002,-2.44386625289917,174379,0.1341850757598877,0.91,1630,82,174480
0.001,57.93,2127,-1.10724899,-2.256901264190674,174881,0.10189448297023773,0.92,1640,82,174982
0.001,59.73,2135,-1.4860294799999998,-2.22422194480896,175546,0.14351077377796173,0.91,1650,82,175647
0.001,60.73,2142,-1.6866284499999997,-2.3853747844696045,176170,0.13572478294372559,0.9,1660,82,176271
0.001,58.68,2148,-1.3041462399999997,-2.42549204826355,176692,0.09744955599308014,0.91,1670,82,176793
0.001,61.14,2157,-1.3112866399999998,-2.102351427078247,177429,0.10999707877635956,0.91,1680,82,177530
0.001,60.75,2162,-1.2211401099999997,-2.5002875328063965,177899,0.10269930213689804,0.92,1690,82,178000
0.001,62.66,2170,-1.73386935,-2.5802218914031982,178626,0.14671094715595245,0.91,1700,82,178727
0.001,61.83,2175,-1.5886961300000002,-2.3223836421966553,178992,0.09793644398450851,0.91,1710,82,179093
0.001,58.77,2181,-1.10443737,-2.007871627807617,179551,0.11771215498447418,0.92,1720,82,179652
0.001,58.3,2190,-1.2222452699999997,-2.874415874481201,180209,0.16482013463974,0.93,1730,82,180310
0.001,60.03,2198,-1.4279514599999998,-2.6337265968322754,180884,0.0957942083477974,0.92,1740,82,180985
0.001,61.39,2207,-1.10251065,-2.4423911571502686,181685,0.1776704341173172,0.93,1750,82,181786
0.001,60.98,2214,-1.0951874000000001,-2.6519789695739746,182268,0.11699284613132477,0.94,1760,82,182369
0.001,62.4,2222,-1.0883766599999998,-2.503763198852539,182932,0.09584105759859085,0.95,1770,82,183033
0.001,60.63,2228,-0.8432999799999997,-2.7056751251220703,183492,0.1361735612154007,0.96,1780,82,183593
0.001,61.03,2234,-0.68770101,-2.7834882736206055,184002,0.11576256155967712,0.96,1790,82,184103
0.001,60.79,2242,-0.4381153,-2.5221972465515137,184705,0.08080452680587769,0.97,1800,82,184806
0.001,63.96,2251,-0.6825585299999999,-2.566638469696045,185388,0.14089307188987732,0.97,1810,82,185489
0.001,64.52,2257,-0.7142323299999996,-2.2717061042785645,186003,0.10518214851617813,0.97,1820,82,186104
0.001,63.74,2264,-0.31466389,-2.506544828414917,186583,0.11870210617780685,0.98,1830,82,186684
0.001,63.25,2271,-0.3848388400000001,-2.5655558109283447,187209,0.13720256090164185,0.97,1840,82,187310
0.001,61.87,2278,-0.13070306999999992,-2.093186855316162,187872,0.08258046209812164,0.98,1850,82,187973
0.001,63.11,2287,-0.43197148999999996,-2.1954469680786133,188579,0.15981706976890564,0.96,1860,82,188680
0.001,62.27,2293,-0.31016190000000016,-2.791611909866333,189159,0.18793705105781555,0.96,1870,82,189260
0.001,65.98,2305,-0.82342247,-2.2326436042785645,190090,0.12906450033187866,0.96,1880,82,190191
0.001,67.1,2312,-1.41084213,-2.1924638748168945,190712,0.06649143993854523,0.94,1890,82,190813
0.001,65.21,2317,-1.2426993400000002,-2.273848295211792,191226,0.0809158980846405,0.94,1900,82,191327
0.001,64.9,2325,-1.45864925,-2.857555866241455,191878,0.1395425945520401,0.94,1910,82,191979
0.001,65.06,2332,-1.6907319,-2.1017985343933105,192509,0.21182049810886383,0.93,1920,82,192610
0.001,64.97,2338,-1.6819531299999997,-1.8133268356323242,193080,0.06786415725946426,0.93,1930,82,193181
0.001,62.55,2342,-1.1395696,-2.293450355529785,193464,0.10195999592542648,0.95,1940,82,193565
0.001,61.27,2349,-1.51584893,-2.4287335872650146,193999,0.10627271980047226,0.93,1950,82,194100
0.001,61.91,2357,-1.10862604,-2.005300521850586,194770,0.09925415366888046,0.95,1960,82,194871
0.001,60.36,2363,-1.02005597,-2.6997528076171875,195195,0.1895064413547516,0.95,1970,82,195296
0.001,55.34,2368,-0.4559571099999999,-2.1268105506896973,195624,0.08475490659475327,0.95,1980,82,195725
0.001,53.98,2373,-0.14654136999999995,-2.7054123878479004,196110,0.13511580228805542,0.96,1990,82,196211
0.001,53.64,2378,-0.16685549000000005,-2.6566381454467773,196590,0.10466958582401276,0.96,2000,82,196691
0.001,52.72,2385,0.11650498999999989,-2.0598926544189453,197150,0.12094034999608994,0.95,2010,82,197251
0.001,55.26,2394,-0.07772513999999996,-2.554216146469116,198035,0.3181203007698059,0.95,2020,82,198136
0.001,56.02,2401,-0.40187929000000006,-2.1351940631866455,198682,0.155351459980011,0.94,2030,82,198783
0.001,57.72,2408,-0.62648181,-2.5318655967712402,199236,0.15499788522720337,0.93,2040,82,199337
0.001,59.43,2417,-0.4930848399999999,-2.3817508220672607,199942,0.10598952323198318,0.95,2050,82,200043
0.001,57.47,2423,-0.606642,-2.0104904174804688,200517,0.11626377701759338,0.94,2060,82,200618
0.001,60.98,2432,-1.00949236,-2.490143060684204,201293,0.10461034625768661,0.94,2070,82,201394
0.001,63.06,2439,-1.11922119,-2.2674546241760254,201930,0.07347893714904785,0.94,2080,82,202031
0.001,65.97,2448,-1.0524709799999998,-2.539778709411621,202707,0.14827865362167358,0.95,2090,82,202808
0.001,67.21,2455,-1.05456055,-2.5502688884735107,203311,0.12175679951906204,0.95,2100,82,203412
0.001,66.8,2461,-1.02557977,-2.4742369651794434,203830,0.09927207231521606,0.96,2110,82,203931
0.001,63.33,2467,-0.7567967900000001,-2.0182013511657715,204368,0.22030891478061676,0.96,2120,82,204469
0.001,62.04,2473,-0.50718036,-2.465879201889038,204886,0.12669318914413452,0.96,2130,82,204987
0.001,63.11,2482,-0.53042167,-2.809966564178467,205547,0.13489703834056854,0.97,2140,82,205648
0.001,63.04,2490,-0.75616186,-2.432061195373535,206246,0.09793184697628021,0.97,2150,82,206347
0.001,62.66,2496,-0.6151253,-2.059201955795288,206783,0.137651726603508,0.98,2160,82,206884
0.001,62.21,2505,-0.4848987499999998,-2.291261911392212,207514,0.162635937333107,0.98,2170,82,207615
0.001,62.25,2512,-0.5737966800000001,-1.9764589071273804,208155,0.10901210457086563,0.98,2180,82,208256
0.001,61.42,2520,-0.8520257499999999,-2.196438789367676,208849,0.14287705719470978,0.98,2190,82,208950
0.001,61.11,2527,-0.9171573399999999,-2.173610210418701,209422,0.11282315850257874,0.98,2200,82,209523
0.001,63.22,2536,-1.46011635,-2.426964282989502,210152,0.09522683918476105,0.98,2210,82,210253
0.001,65.04,2544,-1.54764509,-2.2531635761260986,210872,0.09051185846328735,0.99,2220,82,210973
0.001,66.22,2551,-1.38251442,-2.3542003631591797,211508,0.1201624721288681,1.0,2230,82,211609
0.001,65.78,2558,-1.4508517299999997,-2.408867835998535,212125,0.17867538332939148,1.0,2240,82,212226
0.001,63.27,2563,-0.98002601,-2.1854896545410156,212573,0.1318846493959427,1.0,2250,82,212674
0.001,63.75,2569,-0.8439259600000003,-1.7944873571395874,213158,0.12005695700645447,1.0,2260,82,213259
0.001,61.96,2575,-0.6544236200000002,-1.9922208786010742,213710,0.07892963290214539,1.0,2270,83,213811
0.001,62.27,2583,-0.72464213,-2.31746244430542,214382,0.09182621538639069,1.0,2280,83,214483
0.001,59.85,2588,-0.2054323100000001,-2.6086978912353516,214834,0.12026386708021164,1.0,2290,83,214935
0.001,59.58,2595,-0.08715856999999996,-2.386143207550049,215380,0.19077377021312714,1.0,2300,83,215481
0.001,57.63,2601,0.3777398099999999,-2.099369764328003,215915,0.1421981006860733,1.0,2310,83,216016
0.001,57.48,2609,0.45161542999999993,-2.3691272735595703,216620,0.10355961322784424,1.0,2320,83,216721
0.001,57.42,2616,0.32102506,-2.2844347953796387,217250,0.11114811897277832,0.99,2330,83,217351
0.001,57.03,2622,0.24627912999999996,-2.4870266914367676,217828,0.21295899152755737,0.99,2340,83,217929
0.001,57.95,2628,0.24791526,-2.513792037963867,218368,0.13743504881858826,0.99,2350,83,218469
0.001,56.93,2633,0.27696013,-2.2714428901672363,218851,0.3054523766040802,0.99,2360,83,218952
0.001,56.08,2639,0.11110026000000005,-2.235185146331787,219318,0.13303691148757935,0.98,2370,83,219419
0.001,55.69,2647,-0.1927980699999999,-2.1793861389160156,219951,0.16336385905742645,0.97,2380,83,220052
0.001,56.32,2653,-0.27605495,-2.48348069190979,220466,0.08389130234718323,0.97,2390,83,220567
0.001,60.74,2664,-0.9294958299999999,-2.2339348793029785,221454,0.118679940700531,0.96,2400,83,221555
0.001,61.04,2671,-1.27459556,-2.073032855987549,222019,0.1009729877114296,0.94,2410,83,222120
0.001,59.4,2677,-1.49936525,-2.329817295074463,222560,0.23171082139015198,0.91,2420,83,222661
0.001,59.37,2684,-1.74202665,-2.041022777557373,223187,0.09523724019527435,0.91,2430,83,223288
0.001,58.57,2690,-1.42945863,-2.44157075881958,223685,0.10474711656570435,0.91,2440,83,223786
0.001,58.44,2696,-1.5129162300000005,-2.5258984565734863,224212,0.15933360159397125,0.91,2450,83,224313
0.001,59.08,2702,-1.5545232399999998,-2.7256603240966797,224759,0.22103555500507355,0.91,2460,83,224860
0.001,59.23,2709,-1.5448566900000003,-2.454428195953369,225241,0.11011683940887451,0.92,2470,83,225342
0.001,59.36,2716,-1.32195064,-2.161813259124756,225887,0.10788078606128693,0.93,2480,83,225988
0.001,59.46,2722,-1.3866414900000004,-2.418708086013794,226412,0.08024906367063522,0.93,2490,83,226513
0.001,55.7,2728,-0.9669011500000001,-2.126403570175171,227024,0.13512182235717773,0.93,2500,83,227125
0.001,56.83,2736,-0.7462074400000002,-1.9660534858703613,227702,0.10172135382890701,0.95,2510,83,227803
0.001,56.32,2741,-0.4645063699999998,-2.6435656547546387,228192,0.1228923499584198,0.98,2520,83,228293
0.001,54.14,2746,0.09341680999999998,-2.5428380966186523,228601,0.10283063352108002,0.99,2530,83,228702
0.001,55.78,2753,-0.01413315000000015,-2.255215644836426,229263,0.08420886099338531,0.99,2540,83,229364
0.001,55.02,2758,0.12293788999999991,-2.7218263149261475,229714,0.22309978306293488,0.99,2550,83,229815
0.001,55.24,2766,-0.04289989000000004,-1.5889127254486084,230283,0.13220584392547607,0.98,2560,83,230384
0.001,57.15,2773,-0.21685212000000004,-2.5301718711853027,230956,0.1917904019355774,0.97,2570,83,231057
0.001,55.99,2779,0.08273239999999993,-2.4611334800720215,231486,0.08592849969863892,0.96,2580,83,231587
0.001,56.13,2785,0.09176191000000002,-2.26792049407959,232025,0.093608058989048,0.96,2590,83,232126
0.001,54.93,2791,0.3156133000000001,-2.5540213584899902,232517,0.1545661985874176,0.97,2600,83,232618
0.001,53.46,2797,0.43448955,-2.2332119941711426,233048,0.07864346355199814,0.97,2610,83,233149
0.001,55.84,2805,0.12856754999999992,-2.3171491622924805,233776,0.19568996131420135,0.96,2620,83,233877
0.001,56.91,2811,0.12243719000000006,-2.098252534866333,234292,0.11548914015293121,0.96,2630,83,234393
0.001,56.03,2818,0.21406731000000012,-2.259895086288452,234866,0.0848407968878746,0.96,2640,83,234967
0.001,58.49,2827,-0.3671632599999999,-2.0288500785827637,235563,0.09623828530311584,0.95,2650,83,235664
0.001,57.96,2833,-0.4512429699999998,-2.1054625511169434,236079,0.09839918464422226,0.95,2660,83,236180
0.001,58.31,2841,-0.43976513999999994,-2.5165047645568848,236787,0.10472172498703003,0.95,2670,83,236888
0.001,60.24,2849,-0.6657864000000001,-2.654761791229248,237510,0.1672765016555786,0.96,2680,83,237611
0.001,61.28,2857,-1.06212091,-2.3993282318115234,238153,0.23973394930362701,0.95,2690,83,238254
0.001,62.63,2864,-1.28869008,-2.5983657836914062,238780,0.14547349512577057,0.95,2700,83,238881
0.001,64.42,2872,-1.6905298399999997,-2.2151966094970703,239490,0.16222669184207916,0.94,2710,83,239591
0.001,62.12,2879,-1.4138311,-2.5973901748657227,239988,0.10076770931482315,0.94,2720,83,240089
0.001,62.29,2885,-1.8676156399999997,-2.203284740447998,240521,0.1449897289276123,0.93,2730,83,240622
0.001,61.17,2890,-1.9161616799999999,-2.6095104217529297,240983,0.089165598154068,0.93,2740,83,241084
0.001,58.74,2895,-1.3908187,-2.715578556060791,241437,0.1337156891822815,0.94,2750,83,241538
0.001,63.19,2906,-1.4262246899999997,-2.2132163047790527,242398,0.12639716267585754,0.95,2760,83,242499
0.001,62.36,2913,-1.3557246099999998,-2.0436456203460693,243023,0.09771926701068878,0.96,2770,83,243124
0.001,59.16,2918,-1.13215087,-2.6504087448120117,243426,0.14594748616218567,0.96,2780,83,243527
0.001,57.59,2923,-0.6628679199999999,-2.4216666221618652,243912,0.15078477561473846,0.97,2790,83,244013
0.001,55.98,2929,-0.6173293999999999,-1.9375994205474854,244378,0.09003983438014984,0.96,2800,83,244479
0.001,54.0,2935,-0.34148827999999987,-2.461921215057373,244890,0.08010120689868927,0.96,2810,83,244991
0.001,57.11,2945,-0.5177580700000001,-2.6373095512390137,245699,0.0637500137090683,0.97,2820,83,245800
0.001,56.71,2950,-0.4578701999999998,-2.305143356323242,246192,0.1195988804101944,0.97,2830,83,246293
0.001,60.61,2960,-0.8427981999999998,-2.6596343517303467,247044,0.12333502620458603,0.97,2840,83,247145
0.001,60.48,2965,-0.68096465,-2.8457441329956055,247485,0.13287252187728882,0.97,2850,83,247586
0.001,56.68,2972,-0.7117240000000001,-2.0590667724609375,248066,0.12294884026050568,0.96,2860,83,248167
0.001,55.73,2978,-0.50635775,-2.158520460128784,248596,0.07996520400047302,0.96,2870,83,248697
0.001,57.89,2985,-0.6808215099999999,-2.5405054092407227,249215,0.18663696944713593,0.96,2880,83,249316
0.001,58.22,2991,-0.6327739899999999,-2.3333740234375,249734,0.2646656036376953,0.96,2890,83,249835
0.001,61.66,3002,-1.09058628,-2.6880011558532715,250544,0.13052302598953247,0.96,2900,83,250645
0.001,60.84,3007,-0.8281456500000002,-2.469799041748047,250974,0.2020045518875122,0.97,2910,83,251075
0.001,57.58,3012,-0.5708504900000001,-2.5491042137145996,251457,0.13767337799072266,0.97,2920,83,251558
0.001,59.51,3020,-0.4753747900000002,-1.9931221008300781,252143,0.09978091716766357,0.98,2930,83,252244
0.001,55.4,3025,0.005107570000000044,-2.4140095710754395,252584,0.11781075596809387,0.98,2940,83,252685
0.001,55.72,3031,-0.22289756000000005,-2.269798517227173,253057,0.11051835119724274,0.98,2950,83,253158
0.001,54.83,3037,0.05618864999999997,-2.089198112487793,253549,0.07553146779537201,0.99,2960,83,253650
0.001,56.34,3044,-0.23347843000000004,-2.378201961517334,254230,0.11613564938306808,0.99,2970,83,254331
0.001,55.35,3051,-0.13717455999999995,-2.741600751876831,254750,0.156648188829422,0.99,2980,83,254851
0.001,55.73,3058,-0.5903622,-2.3043131828308105,255307,0.12639139592647552,0.97,2990,83,255408
0.001,52.16,3063,-0.062377939999999986,-2.255500555038452,255760,0.11733409762382507,0.97,3000,83,255861
0.001,52.94,3069,-0.5768772900000001,-2.300656795501709,256268,0.1381199061870575,0.95,3010,83,256369
0.001,54.25,3076,-0.9243808700000002,-2.2114744186401367,256882,0.15651899576187134,0.93,3020,83,256983
0.001,53.04,3082,-1.2900579500000005,-2.3284220695495605,257447,0.19700835645198822,0.91,3030,83,257548
0.001,56.9,3092,-2.05919284,-2.4817967414855957,258274,0.17571702599525452,0.88,3040,83,258375
0.001,58.47,3099,-2.2176129899999997,-2.4820499420166016,258904,0.105430468916893,0.88,3050,83,259005
0.001,58.27,3105,-2.12425374,-1.6085903644561768,259376,0.09991845488548279,0.88,3060,83,259477
0.001,56.95,3112,-2.1751059600000002,-2.324693202972412,259925,0.11632350087165833,0.86,3070,83,260026
0.001,57.45,3118,-2.3107915099999996,-2.0149006843566895,260495,0.1269627958536148,0.85,3080,83,260596
0.001,59.5,3127,-2.33882771,-2.3662853240966797,261257,0.1393139362335205,0.86,3090,83,261358
0.001,61.72,3135,-2.667841369999999,-2.385542392730713,261932,0.1473659723997116,0.86,3100,83,262033
0.001,61.36,3140,-2.26064831,-2.058859348297119,262404,0.10270809382200241,0.88,3110,83,262505
0.001,59.18,3145,-1.6476969600000004,-2.264756202697754,262800,0.13197524845600128,0.9,3120,83,262901
0.001,59.53,3152,-1.31513972,-2.5973432064056396,263400,0.13675615191459656,0.91,3130,83,263501
0.001,57.45,3159,-0.67293281,-2.252081871032715,264019,0.09732096642255783,0.94,3140,83,264120
0.001,55.26,3164,-0.39239336000000014,-2.364988327026367,264430,0.14886632561683655,0.94,3150,83,264531
0.001,55.97,3171,-0.52843956,-2.254563331604004,264973,0.13640999794006348,0.94,3160,83,265074
0.001,54.64,3175,-0.28715844,-2.396101951599121,265389,0.10804052650928497,0.95,3170,83,265490
0.001,56.93,3184,-0.4430704999999999,-2.2298824787139893,266188,0.12318620085716248,0.96,3180,83,266289
0.001,54.44,3190,-0.22007569000000005,-2.3317086696624756,266701,0.09926842898130417,0.96,3190,83,266802
0.001,54.36,3198,0.0078756200000001,-2.517712116241455,267368,0.10000311583280563,0.96,3200,83,267469
0.001,54.12,3203,-0.08413905999999999,-2.0813491344451904,267816,0.10264021903276443,0.95,3210,83,267917
0.001,54.63,3208,-0.3939790099999999,-2.609365940093994,268263,0.11051053553819656,0.94,3220,83,268364
0.001,55.12,3216,-0.56171575,-2.297886610031128,268912,0.12058871984481812,0.94,3230,83,269013
0.001,54.23,3222,-0.8518564999999999,-2.2984843254089355,269442,0.15926380455493927,0.93,3240,83,269543
0.001,54.39,3227,-0.79419654,-2.052414894104004,269869,0.12246345728635788,0.93,3250,83,269970
0.001,56.38,3237,-0.9412689599999997,-2.122436046600342,270611,0.11807315051555634,0.93,3260,83,270712
0.001,57.49,3242,-1.3282259299999999,-2.058239698410034,271138,0.355050265789032,0.92,3270,83,271239
0.001,55.64,3249,-1.47859269,-2.5660579204559326,271752,0.24635809659957886,0.91,3280,83,271853
0.001,57.54,3257,-1.57315754,-2.518921136856079,272455,0.097514808177948,0.91,3290,83,272556
0.001,55.02,3261,-1.4391187200000002,-2.1873903274536133,272870,0.13706618547439575,0.91,3300,83,272971
0.001,56.96,3269,-1.5569554300000004,-2.4256372451782227,273512,0.14024613797664642,0.92,3310,83,273613
0.001,58.81,3276,-1.9549678600000004,-2.509902000427246,274144,0.2269800752401352,0.91,3320,83,274245
0.001,58.58,3283,-1.9956750199999995,-2.2731246948242188,274770,0.12894344329833984,0.92,3330,83,274871
0.001,60.09,3292,-2.1798161400000002,-2.6288399696350098,275451,0.17932453751564026,0.92,3340,83,275552
0.001,61.5,3298,-2.6340706400000005,-2.178605318069458,276019,0.1716146469116211,0.91,3350,83,276120
0.001,59.79,3304,-2.7226073600000005,-2.2900681495666504,276590,0.12366680800914764,0.89,3360,83,276691
0.001,60.39,3311,-2.38688187,-2.3212382793426514,277177,0.15177485346794128,0.91,3370,83,277278
0.001,59.68,3317,-2.2815832599999997,-2.2223997116088867,277720,0.12827068567276,0.91,3380,83,277821
0.001,57.68,3322,-2.0433138100000003,-1.953113079071045,278223,0.13791897892951965,0.92,3390,83,278324
0.001,57.47,3327,-1.8026225400000002,-2.473637580871582,278617,0.09045279026031494,0.93,3400,83,278718
0.001,56.97,3333,-1.7998763299999998,-2.043159008026123,279209,0.10215120017528534,0.92,3410,83,279310
0.001,56.33,3340,-1.3892352099999998,-2.510611057281494,279777,0.12254296243190765,0.93,3420,83,279878
0.001,55.47,3348,-1.3097113999999999,-2.4188950061798096,280317,0.19079697132110596,0.92,3430,83,280418
0.001,57.72,3358,-1.4162179499999998,-2.3260421752929688,281223,0.14848969876766205,0.92,3440,83,281324
0.001,58.8,3365,-1.59200142,-2.298346996307373,281899,0.1589493602514267,0.91,3450,83,282000
0.001,60.86,3374,-1.7977454599999998,-2.203331470489502,282676,0.09867323189973831,0.91,3460,83,282777
0.001,60.23,3380,-1.61351293,-2.2587432861328125,283200,0.10929568856954575,0.91,3470,83,283301
0.001,59.82,3386,-1.18956649,-2.0248026847839355,283702,0.0645565539598465,0.92,3480,83,283803
0.001,62.62,3395,-1.5641546400000002,-2.5183167457580566,284485,0.15507079660892487,0.91,3490,83,284586
0.001,63.67,3402,-1.9195775100000003,-2.3666601181030273,284984,0.18470481038093567,0.9,3500,83,285085
0.001,67.0,3413,-2.4815714099999995,-2.2598495483398438,285909,0.1410645842552185,0.89,3510,83,286010
0.001,68.86,3421,-2.72467489,-2.385444164276123,286663,0.2239515483379364,0.89,3520,83,286764
0.001,68.8,3427,-2.5367092199999997,-2.176253080368042,287197,0.11747867614030838,0.9,3530,83,287298
0.001,67.79,3436,-2.59950014,-2.579681873321533,288002,0.11869966238737106,0.89,3540,83,288103
0.001,66.64,3442,-2.20544742,-2.165766716003418,288563,0.11245232820510864,0.91,3550,83,288664
0.001,64.42,3448,-1.7697932799999998,-2.2608320713043213,289118,0.1103922575712204,0.93,3560,83,289219
0.001,66.29,3456,-2.29744256,-2.2764892578125,289829,0.13336437940597534,0.91,3570,83,289930
0.001,73.95,3471,-3.67264662,-2.8397512435913086,291097,0.14738672971725464,0.89,3580,83,291198
0.001,71.33,3477,-3.38675152,-2.363297462463379,291618,0.09069792926311493,0.9,3590,83,291719
0.001,71.31,3483,-3.11532288,-2.188833236694336,292115,0.12827768921852112,0.91,3600,83,292216
0.001,66.29,3487,-2.29383022,-2.1824021339416504,292538,0.08910685032606125,0.93,3610,83,292639
0.001,62.83,3492,-1.78494774,-2.4378933906555176,292946,0.1939745843410492,0.94,3620,83,293047
0.001,64.29,3500,-2.0761849399999996,-2.2461090087890625,293626,0.1280326247215271,0.93,3630,83,293727
0.001,62.61,3507,-1.9822142600000001,-2.3384790420532227,294263,0.21391864120960236,0.93,3640,83,294364
0.001,64.57,3517,-2.31949858,-1.9192492961883545,295020,0.123875692486763,0.92,3650,83,295121
0.001,63.91,3522,-2.3156678300000006,-2.433725357055664,295509,0.13293781876564026,0.91,3660,83,295610
0.001,62.56,3529,-1.8949512099999999,-2.2126545906066895,296085,0.18012037873268127,0.93,3670,83,296186
0.001,55.76,3535,-0.7250785900000001,-1.9270179271697998,296673,0.09943918883800507,0.95,3680,83,296774
0.001,56.15,3541,-0.6980884800000002,-2.4556944370269775,297233,0.22874802350997925,0.95,3690,83,297334
0.001,55.53,3546,-0.6449244899999997,-2.5207574367523193,297668,0.22569061815738678,0.95,3700,83,297769
0.001,55.58,3551,-0.5746862499999998,-2.3919529914855957,298096,0.08384504914283752,0.95,3710,83,298197
0.001,58.19,3559,-0.9939850100000001,-2.7104413509368896,298765,0.11977207660675049,0.94,3720,83,298866
0.001,55.8,3564,-0.6361524999999998,-2.157980442047119,299206,0.18287566304206848,0.95,3730,83,299307
0.001,54.39,3569,-0.46539650000000016,-2.7105345726013184,299702,0.11560806632041931,0.95,3740,83,299803
0.001,52.71,3577,-0.1327683899999998,-2.2952370643615723,300291,0.1648290455341339,0.96,3750,83,300392
0.001,54.13,3585,-0.011312469999999913,-1.985951542854309,300922,0.1566406488418579,0.97,3760,83,301023
0.001,53.79,3591,-0.0306273899999999,-2.4042415618896484,301464,0.14938488602638245,0.96,3770,83,301565
0.001,54.88,3599,-0.25230121999999994,-2.6031317710876465,302161,0.13613726198673248,0.96,3780,83,302262
0.001,54.31,3605,-0.16718158000000005,-2.069958209991455,302664,0.10515330731868744,0.96,3790,83,302765
0.001,55.08,3610,-0.4165227699999998,-2.1640381813049316,303176,0.14824891090393066,0.96,3800,83,303277
0.001,58.02,3619,-0.59228622,-2.1468381881713867,303898,0.14138488471508026,0.96,3810,83,303999
0.001,57.1,3625,-0.59556336,-1.8667460680007935,304475,0.14492002129554749,0.97,3820,83,304576
0.001,59.16,3634,-0.8227939200000001,-2.0948104858398438,305122,0.15325069427490234,0.96,3830,83,305223
0.001,60.0,3640,-0.4504819299999999,-1.9412355422973633,305702,0.08653014898300171,0.98,3840,83,305803
0.001,58.88,3645,-0.3705525600000001,-2.3079185485839844,306179,0.13627180457115173,0.98,3850,84,306280
0.001,59.01,3653,-0.62058876,-2.452723503112793,306823,0.13566967844963074,0.98,3860,84,306924
0.001,64.02,3665,-1.1285713199999998,-1.80588698387146,307866,0.139023557305336,0.98,3870,84,307967
0.001,64.19,3673,-1.1053143499999998,-2.7491540908813477,308580,0.10759703069925308,0.98,3880,84,308681
0.001,68.72,3684,-1.8244849699999997,-2.4872565269470215,309536,0.11269473284482956,0.97,3890,84,309637
0.001,68.64,3691,-1.9893649199999996,-2.34523344039917,310040,0.1338234543800354,0.96,3900,84,310141
0.001,66.81,3697,-2.06770139,-2.248547077178955,310579,0.13631153106689453,0.96,3910,84,310680
0.001,67.47,3705,-2.0356666100000003,-1.820777416229248,311222,0.12296831607818604,0.96,3920,84,311323
0.001,75.76,3722,-2.5590580000000003,-2.4300849437713623,312698,0.13556459546089172,0.97,3930,84,312799
0.001,79.11,3732,-2.8837541900000003,-2.418588161468506,313613,0.2158515304327011,0.97,3940,84,313714
0.001,82.02,3741,-3.28389227,-2.4099678993225098,314381,0.09926515072584152,0.96,3950,84,314482
0.001,81.87,3749,-3.402172700000001,-2.48232364654541,315010,0.1145462617278099,0.96,3960,84,315111
0.001,77.48,3756,-3.057665680000001,-1.8187034130096436,315614,0.12265744805335999,0.97,3970,84,315715
0.001,75.68,3762,-2.70176323,-2.1135950088500977,316148,0.10959349572658539,0.97,3980,84,316249
0.001,76.35,3774,-2.6708823499999994,-2.1817874908447266,317171,0.12500473856925964,0.98,3990,84,317272
0.001,79.81,3784,-2.8955437800000006,-2.3691186904907227,318021,0.17701539397239685,0.99,4000,84,318122
0.001,82.92,3795,-3.4852267399999994,-2.2666707038879395,318871,0.20634770393371582,0.96,4010,84,318972
0.001,85.15,3805,-3.9302868,-2.2762198448181152,319737,0.11491972208023071,0.94,4020,84,319838
0.001,76.51,3813,-3.4997966800000007,-2.1954171657562256,320349,0.1232915148139,0.93,4030,84,320450
0.001,75.71,3823,-3.5563111500000004,-1.9220800399780273,321184,0.19904902577400208,0.93,4040,84,321285
0.001,72.83,3829,-3.2665222799999993,-2.6375412940979004,321664,0.14453798532485962,0.94,4050,84,321765
0.001,74.36,3838,-3.1171694,-2.065580129623413,322446,0.254376620054245,0.94,4060,84,322547
0.001,72.2,3842,-2.8493019700000004,-1.9345632791519165,322834,0.1210576519370079,0.93,4070,84,322935
0.001,71.25,3847,-2.8726076600000003,-2.289693832397461,323273,0.12611538171768188,0.93,4080,84,323374
0.001,66.74,3854,-2.38053625,-2.0357463359832764,323845,0.15015143156051636,0.92,4090,84,323946
0.001,63.37,3860,-2.02163164,-2.223698139190674,324358,0.11070788651704788,0.91,4100,84,324459
0.001,58.76,3864,-1.15174985,-2.104384660720825,324747,0.11706724762916565,0.94,4110,84,324848
0.001,56.36,3873,-0.7388221500000001,-2.357245922088623,325373,0.20162269473075867,0.96,4120,84,325474
0.001,55.15,3878,-0.5021221000000001,-2.3282666206359863,325864,0.1490887999534607,0.97,4130,84,325965
0.001,52.47,3885,-0.22488550000000004,-1.832131266593933,326431,0.17135342955589294,0.97,4140,84,326532
0.001,53.52,3892,-0.12366514999999995,-2.2461795806884766,327016,0.08896611630916595,0.97,4150,84,327117
0.001,49.97,3896,0.031083409999999857,-2.317488670349121,327443,0.13920801877975464,0.97,4160,84,327544
0.001,50.42,3901,-0.07707143999999987,-2.516505241394043,327876,0.11198534071445465,0.97,4170,84,327977
0.001,51.34,3908,-0.5001998699999999,-2.1677136421203613,328407,0.17895004153251648,0.95,4180,84,328508
0.001,51.29,3914,-0.7042635399999999,-2.2645320892333984,328974,0.13502992689609528,0.95,4190,84,329075
0.001,51.38,3920,-0.67134609,-2.1311511993408203,329496,0.33238428831100464,0.96,4200,84,329597
0.001,52.95,3927,-0.9232520300000001,-1.7214398384094238,330042,0.07940709590911865,0.96,4210,84,330143
0.001,51.39,3933,-0.6870576900000002,-2.35557222366333,330512,0.14460429549217224,0.96,4220,84,330613
0.001,50.74,3937,-0.44726653000000005,-2.539151430130005,330938,0.14279907941818237,0.96,4230,84,331039
0.001,50.58,3944,-0.5130706100000001,-2.2304887771606445,331489,0.20338591933250427,0.95,4240,84,331590
0.001,52.36,3953,-0.86598565,-2.0217437744140625,332252,0.1434592604637146,0.95,4250,84,332353
0.001,55.55,3961,-1.3138573399999998,-2.429044246673584,332998,0.10588722676038742,0.95,4260,84,333099
0.001,56.77,3967,-1.3764280199999999,-2.056037664413452,333553,0.09416719526052475,0.96,4270,84,333654
0.001,56.51,3973,-0.9871312599999998,-2.5382962226867676,334058,0.0843655914068222,0.98,4280,84,334159
0.001,56.64,3980,-0.8366810799999999,-2.153017044067383,334638,0.12304183840751648,0.98,4290,84,334739
0.001,58.27,3989,-1.4369668300000003,-2.3004379272460938,335323,0.26540207862854004,0.95,4300,84,335424
0.001,60.15,3997,-1.61822015,-2.2091782093048096,336057,0.10935492068529129,0.94,4310,84,336158
0.001,61.04,4004,-1.5832355599999997,-1.9340336322784424,336616,0.08151751756668091,0.94,4320,84,336717
0.001,62.03,4010,-1.80011825,-2.2356173992156982,337141,0.14824116230010986,0.94,4330,84,337242
0.001,64.24,4019,-1.7223491500000003,-2.3537724018096924,337913,0.11625440418720245,0.95,4340,84,338014
0.001,60.26,4023,-1.10532061,-2.0789084434509277,338278,0.12149069458246231,0.95,4350,84,338379
0.001,57.25,4028,-0.6408221700000002,-2.282421827316284,338723,0.17182642221450806,0.94,4360,84,338824
0.001,57.39,4034,-0.67872984,-2.519670009613037,339292,0.11803101003170013,0.94,4370,84,339393
0.001,56.79,4040,-0.6009156399999999,-2.056645393371582,339737,0.16195981204509735,0.94,4380,84,339838
0.001,57.0,4047,-0.64865591,-2.4461820125579834,340338,0.13426941633224487,0.95,4390,84,340439
0.001,55.13,4053,0.12177349000000001,-1.7898521423339844,340836,0.2782645523548126,0.98,4400,84,340937
0.001,52.79,4058,0.54561081,-2.229084014892578,341336,0.10775868594646454,0.99,4410,84,341437
0.001,52.83,4065,0.46976207999999997,-1.8900675773620605,341899,0.08775416016578674,0.99,4420,84,342000
0.001,52.29,4070,0.31610881,-2.3078196048736572,342370,0.14241400361061096,0.98,4430,84,342471
0.001,48.82,4075,0.45143922000000003,-2.167797327041626,342795,0.12341636419296265,0.98,4440,84,342896
0.001,51.23,4082,-0.21084241000000006,-2.441728115081787,343401,0.1575765758752823,0.97,4450,84,343502
0.001,51.87,4088,-0.30853793,-2.005358934402466,343910,0.1555260717868805,0.97,4460,84,344011
0.001,51.18,4094,-0.06824565000000002,-2.3457300662994385,344410,0.1591494083404541,0.97,4470,84,344511
0.001,51.28,4099,-0.14580315000000002,-2.0785067081451416,344865,0.10546348989009857,0.96,4480,84,344966
0.001,50.21,4105,0.13769010999999998,-2.5570764541625977,345359,0.12027160823345184,0.96,4490,84,345460
0.001,51.17,4112,-0.031345029999999954,-2.226653814315796,345953,0.212439626455307,0.96,4500,84,346054
0.001,52.34,4119,-0.3513204400000001,-2.2437682151794434,346570,0.13532112538814545,0.95,4510,84,346671
0.001,51.4,4125,-0.46248710000000004,-2.361121654510498,347039,0.09521932899951935,0.94,4520,84,347140
0.001,52.33,4131,-0.1228127599999998,-1.9658832550048828,347603,0.11905506253242493,0.95,4530,84,347704
0.001,54.53,4138,-0.58162586,-2.4101901054382324,348248,0.1354966014623642,0.94,4540,84,348349
0.001,54.81,4146,-0.5649039699999999,-2.7117912769317627,348882,0.1829327940940857,0.94,4550,84,348983
0.001,55.63,4153,-0.67628445,-1.8687152862548828,349473,0.17779232561588287,0.95,4560,84,349574
0.001,57.06,4161,-1.05041934,-2.044694662094116,350116,0.2168005108833313,0.94,4570,84,350217
0.001,56.96,4166,-0.9717101999999997,-2.135716438293457,350561,0.13397881388664246,0.95,4580,84,350662
0.001,59.22,4174,-1.3942265300000003,-2.0846774578094482,351281,0.14353829622268677,0.94,4590,84,351382
0.001,59.2,4181,-1.3764837899999998,-2.417809009552002,351873,0.16369402408599854,0.94,4600,84,351974
0.001,57.16,4186,-1.2148853800000001,-2.3422393798828125,352286,0.11946765333414078,0.95,4610,84,352387
0.001,59.93,4194,-1.4779868499999997,-2.2003698348999023,353032,0.22069382667541504,0.95,4620,84,353133
0.001,59.86,4201,-1.6772000200000001,-2.5829782485961914,353589,0.11719124764204025,0.95,4630,84,353690
0.001,57.79,4206,-1.13129701,-2.072615623474121,354027,0.14495636522769928,0.96,4640,84,354128
0.001,58.46,4214,-0.8688103699999998,-2.1540913581848145,354728,0.11859272420406342,0.97,4650,84,354829
0.001,59.2,4222,-0.9710591399999999,-2.0875601768493652,355393,0.18543076515197754,0.97,4660,84,355494
0.001,59.18,4229,-0.8076317899999998,-2.588046073913574,356034,0.2168022096157074,0.98,4670,84,356135
0.001,59.17,4234,-0.86043069,-1.850691318511963,356478,0.06323865801095963,0.98,4680,84,356579
0.001,59.29,4243,-0.79494903,-2.1816344261169434,357210,0.2227645069360733,0.98,4690,84,357311
0.001,63.47,4255,-1.5280500999999997,-1.8102161884307861,358220,0.16125187277793884,0.97,4700,84,358321
0.001,66.22,4263,-1.8397289199999998,-1.8091886043548584,358908,0.07168502360582352,0.96,4710,84,359009
0.001,64.98,4270,-1.6809465599999998,-2.286405563354492,359530,0.13028140366077423,0.96,4720,84,359631
0.001,66.32,4280,-1.9677767599999996,-2.388185739517212,360221,0.12736086547374725,0.96,4730,84,360322
0.001,66.65,4285,-2.0560783599999994,-2.224865674972534,360692,0.16664227843284607,0.96,4740,84,360793
0.001,65.19,4292,-2.0356301799999996,-2.467388153076172,361247,0.12145881354808807,0.95,4750,84,361348
0.001,63.4,4297,-1.9294565200000002,-2.468254566192627,361733,0.2402396947145462,0.94,4760,84,361834
0.001,63.01,4304,-1.9957826600000002,-1.9462312459945679,362335,0.1864216923713684,0.93,4770,84,362436
0.001,64.07,4310,-2.04627933,-1.7843568325042725,362885,0.1549338549375534,0.93,4780,84,362986
0.001,63.17,4318,-1.65448498,-2.278146505355835,363527,0.1782146543264389,0.94,4790,84,363628
0.001,58.11,4324,-0.9419312699999998,-2.1905746459960938,364031,0.20816469192504883,0.95,4800,84,364132
0.001,55.75,4329,-0.5535299200000001,-2.1290621757507324,364483,0.17258533835411072,0.96,4810,84,364584
0.001,54.22,4335,-0.42651137,-1.9500569105148315,364952,0.21818551421165466,0.97,4820,84,365053
0.001,53.22,4341,-0.10104011000000002,-2.389540910720825,365543,0.15454483032226562,0.97,4830,84,365644
0.001,52.66,4346,-0.18349246999999985,-2.5471994876861572,365958,0.12494593858718872,0.96,4840,84,366059
0.001,55.31,4355,-0.22127818,-2.4555280208587646,366778,0.17163696885108948,0.97,4850,84,366879
0.001,56.83,4362,-0.00985817999999986,-2.3520030975341797,367416,0.1535530388355255,0.98,4860,84,367517
0.001,55.84,4368,0.15291765999999993,-2.0761218070983887,367919,0.10901611298322678,0.99,4870,84,368020
0.001,57.3,4376,-0.29049631000000015,-1.99165940284729,368615,0.1149359941482544,0.98,4880,84,368716
0.001,56.11,4382,-0.3998669800000001,-1.8855197429656982,369138,0.09734971821308136,0.98,4890,84,369239
0.001,56.23,4388,-0.3399022600000001,-2.5425148010253906,369654,0.19220846891403198,0.98,4900,84,369755
0.001,57.66,4396,-0.8767877399999999,-2.1607770919799805,370249,0.1732759028673172,0.95,4910,84,370350
0.001,59.54,4404,-1.02872071,-2.209444046020508,370906,0.1293911635875702,0.95,4920,84,371007
0.001,58.73,4409,-1.0226128600000002,-2.415982246398926,371416,0.1960570067167282,0.95,4930,84,371517
0.001,59.01,4414,-1.18285567,-2.4367053508758545,371859,0.14669200778007507,0.94,4940,84,371960
0.001,56.05,4420,-1.2285704,-2.390580177307129,372383,0.15332739055156708,0.93,4950,84,372484
0.001,55.69,4426,-1.2732788099999999,-2.0492944717407227,372985,0.11841340363025665,0.92,4960,84,373086
0.001,55.18,4431,-1.2379486099999997,-1.8675107955932617,373437,0.07394318282604218,0.92,4970,84,373538
0.001,52.45,4436,-0.73735789,-1.9493331909179688,373860,0.10213831812143326,0.93,4980,84,373961
0.001,53.06,4442,-0.8343033299999999,-2.198319911956787,374444,0.27091434597969055,0.93,4990,84,374545
0.001,53.08,4449,-0.9258967099999998,-1.9721364974975586,374962,0.1357090175151825,0.93,5000,84,375063
0.001,51.66,4455,-0.39183094999999996,-2.451388359069824,375415,0.21814753115177155,0.96,5010,84,375516
0.001,49.27,4459,-0.1844026899999999,-1.8743953704833984,375833,0.1350422352552414,0.95,5020,84,375934
0.001,49.91,4466,-0.35539642999999993,-2.045353889465332,376407,0.18535184860229492,0.95,5030,84,376508
0.001,49.65,4471,-0.06283543999999995,-1.9928840398788452,376824,0.21065491437911987,0.97,5040,84,376925
0.001,49.08,4476,0.23696510999999995,-1.765796422958374,377291,0.11236593872308731,0.98,5050,84,377392
0.001,49.12,4483,0.14364144000000004,-2.5830514430999756,377897,0.11093495786190033,0.99,5060,84,377998
0.001,49.82,4489,0.15600532,-1.894934892654419,378419,0.13761699199676514,0.99,5070,84,378520
0.001,51.04,4495,0.04145387000000003,-2.137840747833252,378964,0.16460691392421722,0.99,5080,84,379065
0.001,50.77,4502,0.16560457,-2.137378692626953,379521,0.11094580590724945,0.99,5090,84,379622
0.001,50.28,4508,0.14351962000000004,-2.047072410583496,379990,0.15714575350284576,0.98,5100,84,380091
0.001,52.16,4515,0.05028850000000009,-2.069347858428955,380631,0.12972316145896912,0.98,5110,84,380732
0.001,52.86,4521,-0.06394708999999996,-1.9310808181762695,381119,0.18682271242141724,0.99,5120,84,381220
0.001,51.78,4526,0.29842074,-2.2381467819213867,381585,0.1604701280593872,0.99,5130,84,381686
0.001,53.11,4533,0.2508893000000001,-2.1590728759765625,382135,0.17900268733501434,0.99,5140,84,382236
0.001,52.51,4537,0.27869175000000007,-2.259397268295288,382542,0.10172304511070251,0.99,5150,84,382643
0.001,51.13,4543,0.43911178,-2.288634777069092,383010,0.18972785770893097,0.99,5160,84,383111
0.001,50.84,4548,0.44063333000000005,-1.9924349784851074,383503,0.09204085171222687,0.99,5170,84,383604
0.001,51.45,4555,0.25767918999999995,-2.176461696624756,384109,0.11377527564764023,0.99,5180,84,384210
0.001,50.9,4561,0.19887174999999996,-1.8615049123764038,384611,0.16570429503917694,0.99,5190,84,384712
0.001,54.57,4572,-0.2092339,-2.1043951511383057,385447,0.22302362322807312,0.99,5200,84,385548
0.001,54.38,4578,-0.48057432999999994,-2.104090452194214,386069,0.10841813683509827,0.98,5210,84,386170
0.001,54.12,4583,-0.23498550999999998,-1.950406789779663,386531,0.15846392512321472,0.98,5220,84,386632
0.001,55.15,4590,-0.3693033199999999,-2.2101869583129883,387100,0.17736157774925232,0.98,5230,84,387201
0.001,56.74,4598,-0.5315013099999999,-2.5143706798553467,387809,0.16517981886863708,0.98,5240,84,387910
0.001,57.3,4603,-0.63598716,-1.9373588562011719,388272,0.12029970437288284,0.98,5250,84,388373
0.001,56.83,4608,-0.46123409000000004,-2.1380834579467773,388693,0.32078173756599426,0.98,5260,84,388794
0.001,55.99,4613,-0.35015669999999993,-2.529632568359375,389102,0.2956220209598541,0.98,5270,84,389203
0.001,54.89,4619,-0.1821252100000001,-2.048050880432129,389598,0.20423093438148499,0.97,5280,84,389699
0.001,55.08,4626,-0.25783248999999997,-2.1190478801727295,390119,0.12128043919801712,0.96,5290,84,390220
0.001,52.55,4632,0.08794150999999996,-2.2261059284210205,390702,0.2573506832122803,0.97,5300,84,390803
0.001,51.93,4638,0.22813219,-2.241956949234009,391262,0.15635201334953308,0.98,5310,84,391363
0.001,52.28,4644,0.21488938999999999,-2.08530855178833,391759,0.11397233605384827,0.98,5320,84,391860
0.001,50.77,4648,0.21379863000000007,-2.1124417781829834,392177,0.1545780748128891,0.98,5330,84,392278
0.001,47.76,4653,0.4411790399999999,-2.136867046356201,392585,0.12934786081314087,0.98,5340,84,392686
0.001,49.53,4660,0.22635250000000004,-2.253708600997925,393225,0.1875288188457489,0.98,5350,84,393326
0.001,50.51,4665,-0.11586522000000005,-2.046398162841797,393744,0.13607341051101685,0.98,5360,84,393845
0.001,52.34,4672,-0.12716450999999998,-1.6379436254501343,394336,0.09434458613395691,0.98,5370,84,394437
0.001,51.02,4676,0.16531895000000005,-2.153594970703125,394700,0.15264272689819336,0.99,5380,84,394801
0.001,52.72,4685,0.11149997999999997,-2.1447157859802246,395391,0.1747080683708191,1.0,5390,84,395492
0.001,52.51,4691,0.19503646,-1.8773037195205688,395953,0.10722541064023972,1.0,5400,84,396054
0.001,51.62,4697,0.2986683899999999,-2.0778255462646484,396424,0.23861576616764069,1.0,5410,84,396525
0.001,54.61,4706,-0.16721474000000003,-2.3149819374084473,397220,0.40988147258758545,1.0,5420,84,397321
0.001,57.41,4714,-0.56059881,-1.9322397708892822,397918,0.15567176043987274,1.0,5430,84,398019
0.001,59.09,4721,-1.03064268,-2.2650506496429443,398494,0.20101714134216309,0.99,5440,84,398595
0.001,57.25,4726,-1.03770445,-2.1819403171539307,398950,0.11355497688055038,0.98,5450,84,399051
0.001,56.24,4731,-0.8891086899999999,-2.2297632694244385,399368,0.10466308891773224,0.97,5460,84,399469
0.001,56.14,4738,-1.1830786,-2.0576231479644775,399950,0.2974255383014679,0.96,5470,84,400051
0.001,56.7,4743,-1.41387264,-1.8255698680877686,400370,0.11133301258087158,0.96,5480,84,400471
0.001,59.35,4754,-1.6489420099999998,-2.295860767364502,401326,0.11711329221725464,0.95,5490,84,401427
0.001,60.11,4761,-1.7639024199999995,-1.7738944292068481,401964,0.11115893721580505,0.95,5500,84,402065
0.001,61.16,4768,-1.5810391099999996,-2.056791067123413,402540,0.09759806096553802,0.95,5510,84,402641
0.001,58.24,4774,-1.3700058900000003,-1.4785137176513672,403044,0.18026894330978394,0.94,5520,84,403145
0.001,56.25,4780,-1.2980080800000005,-2.143340587615967,403543,0.07433944940567017,0.92,5530,84,403644
0.001,55.76,4786,-0.78050509,-1.9882395267486572,404070,0.16304494440555573,0.93,5540,84,404171
0.001,57.01,4792,-0.69872162,-2.305558681488037,404651,0.10758860409259796,0.94,5550,84,404752
0.001,57.41,4799,-0.7145697300000002,-2.105692148208618,405109,0.10615458339452744,0.95,5560,84,405210
0.001,57.84,4806,-0.5348683600000002,-2.1851649284362793,405734,0.13055962324142456,0.96,5570,84,405835
0.001,58.64,4812,-0.5047078600000002,-2.489499568939209,406234,0.18286678194999695,0.96,5580,84,406335
0.001,54.29,4818,-0.09543266000000003,-2.3058645725250244,406755,0.14785180985927582,0.96,5590,84,406856
0.001,53.3,4824,0.02970354999999999,-2.3430356979370117,407294,0.1424921303987503,0.96,5600,84,407395
0.001,52.41,4830,-0.12482105000000004,-2.325136184692383,407781,0.10020114481449127,0.96,5610,84,407882
0.001,52.56,4836,-0.045262309999999945,-2.4565930366516113,408300,0.13052713871002197,0.96,5620,84,408401
0.001,52.44,4841,0.13581567000000017,-2.5650665760040283,408787,0.10573238134384155,0.98,5630,84,408888
0.001,53.14,4848,-0.03764773999999981,-1.9578831195831299,409384,0.16546839475631714,0.98,5640,84,409485
0.001,51.25,4853,0.28173425000000013,-1.9582228660583496,409776,0.08675124496221542,0.98,5650,84,409877
0.001,51.57,4860,0.02921466000000013,-2.6011624336242676,410266,0.1808854341506958,0.97,5660,84,410367
0.001,50.15,4865,0.06406734000000001,-2.440678834915161,410749,0.13590550422668457,0.97,5670,84,410850
0.001,49.58,4871,0.024424770000000106,-2.5481860637664795,411192,0.16451947391033173,0.97,5680,84,411293
0.001,48.71,4876,0.31391915,-2.017836332321167,411626,0.13053898513317108,0.98,5690,84,411727
0.001,47.92,4881,0.40819109000000003,-1.9957395792007446,412086,0.1769588589668274,0.98,5700,84,412187
0.001,47.95,4887,0.39225675000000004,-1.9607865810394287,412576,0.10197338461875916,0.98,5710,84,412677
0.001,47.96,4893,0.48400251,-2.318021535873413,413096,0.16337347030639648,0.99,5720,84,413197
0.001,47.92,4899,0.3629509099999999,-1.9188165664672852,413579,0.1409314125776291,0.98,5730,84,413680
0.001,46.96,4904,0.21035415999999998,-2.271641254425049,414080,0.0755901038646698,0.97,5740,84,414181
0.001,47.56,4910,-0.10934221999999993,-1.9198005199432373,414532,0.12398820370435715,0.97,5750,84,414633
0.001,47.62,4917,0.09270318000000007,-2.120842695236206,415028,0.14074115455150604,0.98,5760,84,415129
0.001,48.05,4923,0.27392652,-2.1936166286468506,415554,0.14021733403205872,0.98,5770,84,415655
0.001,50.24,4930,0.10457293000000006,-1.9184370040893555,416216,0.15877747535705566,0.98,5780,84,416317
0.001,52.53,4937,-0.55727144,-2.2674720287323,416879,0.10274658352136612,0.97,5790,84,416980
0.001,53.63,4943,-0.7136800999999999,-1.9088681936264038,417449,0.39665544033050537,0.97,5800,84,417550
0.001,53.44,4948,-0.6506172899999999,-2.029390573501587,417920,0.13994307816028595,0.97,5810,84,418021
0.001,53.35,4954,-0.7969785999999999,-2.1836609840393066,418431,0.09370682388544083,0.96,5820,84,418532
0.001,52.91,4959,-0.4272680899999999,-2.100800037384033,418870,0.24876193702220917,0.97,5830,84,418971
0.001,52.2,4964,-0.23625429999999994,-2.4487760066986084,419300,0.1427219808101654,0.98,5840,84,419401
0.001,52.67,4969,-0.0953243800000001,-2.542182445526123,419799,0.14796367287635803,0.98,5850,84,419900
0.001,53.13,4976,-0.1097574400000001,-2.1694507598876953,420341,0.13605880737304688,0.97,5860,84,420442
0.001,52.77,4981,-0.27628854999999997,-2.3615753650665283,420831,0.13378897309303284,0.97,5870,84,420932
0.001,50.97,4987,0.004547249999999896,-2.0923845767974854,421313,0.10634179413318634,0.97,5880,84,421414
0.001,48.8,4991,0.34068739000000003,-2.728527784347534,421759,0.13474884629249573,0.98,5890,84,421860
0.001,48.31,4997,0.47198942000000005,-2.1607589721679688,422280,0.7464766502380371,0.98,5900,84,422381
0.001,49.54,5004,0.18543623999999997,-2.140413284301758,422874,0.07325109839439392,0.97,5910,84,422975
0.001,48.96,5009,0.14297656000000003,-2.2411422729492188,423327,0.1743539273738861,0.97,5920,84,423428
0.001,50.58,5016,-0.1925410799999998,-1.991748332977295,423928,0.15255498886108398,0.97,5930,84,424029
0.001,52.21,5023,-0.3596607699999999,-1.8197394609451294,424521,0.2052091360092163,0.97,5940,84,424622
0.001,52.18,5030,-0.66857427,-2.3042399883270264,425017,0.17731302976608276,0.96,5950,84,425118
0.001,51.89,5035,-0.45114422,-1.9966583251953125,425530,0.11679232865571976,0.97,5960,84,425631
0.001,53.06,5042,-0.7651720399999998,-2.0635554790496826,426137,0.20951126515865326,0.97,5970,84,426238
0.001,54.26,5049,-0.9667130399999999,-2.4592232704162598,426739,0.3557797074317932,0.96,5980,84,426840
0.001,57.48,5057,-1.11898629,-2.001364231109619,427507,0.12579840421676636,0.96,5990,84,427608
0.001,58.66,5064,-1.5336709400000004,-2.490574836730957,428146,0.07851379364728928,0.96,6000,84,428247
0.001,56.53,5069,-1.0051036500000001,-1.9058116674423218,428527,0.10351866483688354,0.97,6010,84,428628
0.001,57.14,5075,-0.92516834,-1.8238725662231445,429041,0.14371415972709656,0.97,6020,84,429142
0.001,56.13,5080,-0.52327024,-2.226893901824951,429541,0.15181776881217957,0.97,6030,84,429642
0.001,54.86,5087,-0.5239215899999999,-2.734011173248291,430007,0.14464637637138367,0.97,6040,84,430108
0.001,59.19,5097,-0.8467736000000001,-2.334930419921875,430936,0.13357308506965637,0.97,6050,84,431037
0.001,58.34,5102,-0.93403226,-1.971096158027649,431364,0.09361576288938522,0.97,6060,84,431465
0.001,58.49,5108,-0.7744905299999998,-2.3372316360473633,431986,0.10336650907993317,0.96,6070,84,432087
0.001,60.64,5117,-0.99788681,-2.1394519805908203,432803,0.1454286277294159,0.97,6080,84,432904
0.001,59.04,5124,-1.0053274800000003,-1.8744604587554932,433411,0.12130498886108398,0.96,6090,84,433512
0.001,59.24,5131,-0.80084401,-2.349200963973999,434070,0.15035764873027802,0.96,6100,84,434171
0.001,59.94,5136,-1.01496136,-2.1221084594726562,434521,0.12443723529577255,0.96,6110,84,434622
0.001,59.02,5142,-0.7370328999999998,-2.1975502967834473,434943,0.23962756991386414,0.97,6120,84,435044
0.001,57.82,5146,-0.7231966199999996,-2.494147777557373,435323,0.12843093276023865,0.97,6130,84,435424
0.001,57.98,5152,-0.5679734799999998,-2.1094865798950195,435805,0.09767667204141617,0.97,6140,84,435906
0.001,53.19,5157,-0.002072389999999902,-2.260960102081299,436255,0.15620526671409607,0.98,6150,84,436356
0.001,54.38,5163,-0.19679177999999994,-2.2284140586853027,436802,0.1551702618598938,0.98,6160,84,436903
0.001,53.87,5169,-0.12842265999999994,-2.592402219772339,437373,0.30602720379829407,0.98,6170,84,437474
0.001,52.19,5176,-0.05060717999999993,-1.930004358291626,438022,0.19051538407802582,0.98,6180,84,438123
0.001,50.33,5181,0.26506793,-2.312300205230713,438444,0.10604424774646759,0.99,6190,84,438545
0.001,48.29,5186,0.45930612,-2.0088305473327637,438899,0.11794090270996094,0.99,6200,84,439000
0.001,49.87,5192,0.22992839999999995,-2.5304064750671387,439508,0.09715539216995239,0.99,6210,84,439609
0.001,50.32,5198,0.12312563000000006,-2.474109649658203,439975,0.2102356106042862,0.99,6220,84,440076
0.001,51.2,5204,-0.1690408100000001,-2.0411975383758545,440443,0.12309930473566055,0.99,6230,84,440544
0.001,50.67,5209,-0.06954750000000004,-2.1730756759643555,440872,0.1695288121700287,0.99,6240,84,440973
0.001,52.29,5216,-0.22125214000000007,-2.2882800102233887,441484,0.2216315120458603,0.99,6250,84,441585
0.001,51.91,5221,-0.05937241000000005,-2.20723295211792,441993,0.11883184313774109,0.98,6260,84,442094
0.001,51.65,5228,-0.13532843000000006,-2.260284185409546,442538,0.13943696022033691,0.98,6270,84,442639
0.001,50.16,5234,-0.01983939000000003,-2.413862943649292,443038,0.1829281449317932,0.97,6280,84,443139
0.001,50.17,5238,0.08085237999999997,-1.853859782218933,443461,0.21099349856376648,0.97,6290,84,443562
0.001,52.88,5247,-0.22183842,-2.1873226165771484,444187,0.13800428807735443,0.97,6300,84,444288
0.001,50.01,5250,0.28638110000000006,-2.0182666778564453,444509,0.1725887656211853,0.97,6310,84,444610
0.001,50.42,5257,0.02605721999999999,-1.8751001358032227,445017,0.4808129370212555,0.97,6320,84,445118
0.001,50.86,5263,-0.049096839999999926,-2.085341453552246,445529,0.440842866897583,0.96,6330,84,445630
0.001,51.43,5268,-0.14725644999999996,-2.156078338623047,446015,0.14317739009857178,0.96,6340,84,446116
0.001,51.37,5275,-0.06552826999999997,-2.3474040031433105,446621,0.8070905208587646,0.96,6350,84,446722
0.001,54.16,5284,-1.00678429,-1.8188362121582031,447409,0.10143689811229706,0.93,6360,84,447510
0.001,55.61,5292,-1.2377037,-2.6770129203796387,448099,0.1288105845451355,0.93,6370,84,448200
0.001,54.8,5297,-0.9776571300000002,-2.3139262199401855,448518,0.10863229632377625,0.94,6380,84,448619
0.001,56.96,5304,-1.4138653900000002,-2.30861759185791,449157,0.12934595346450806,0.94,6390,84,449258
0.001,54.18,5309,-1.14362443,-2.4793968200683594,449605,0.10512129962444305,0.94,6400,84,449706
0.001,56.09,5316,-1.6570047499999998,-2.485478162765503,450118,0.136907696723938,0.93,6410,84,450219
0.001,57.78,5323,-1.5403460699999996,-2.1360504627227783,450795,0.18718434870243073,0.93,6420,84,450896
0.001,57.92,5330,-1.42566583,-1.8981343507766724,451321,0.4747377038002014,0.94,6430,84,451422
0.001,57.6,5335,-1.26526249,-2.0687222480773926,451775,0.19292056560516357,0.94,6440,84,451876
0.001,55.73,5340,-1.0551040800000002,-2.4717259407043457,452194,0.1420164406299591,0.94,6450,84,452295
0.001,52.16,5345,0.027571260000000066,-2.531564950942993,452625,0.09999240934848785,0.98,6460,84,452726
0.001,50.63,5351,0.38531909,-1.9226593971252441,453162,0.19534562528133392,0.99,6470,84,453263
0.001,50.12,5355,0.64842237,-2.292213201522827,453530,0.19892244040966034,0.99,6480,84,453631
0.001,48.54,5361,0.8232856600000003,-2.350961685180664,454011,0.22876793146133423,0.99,6490,84,454112
0.001,48.98,5366,0.9566947399999998,-2.2100300788879395,454503,0.11925695091485977,0.99,6500,84,454604
0.001,50.09,5374,0.9353457199999999,-2.1638145446777344,455127,0.19337105751037598,0.99,6510,84,455228
0.001,48.95,5380,0.8674770600000002,-1.9506423473358154,455690,0.09349325299263,0.99,6520,84,455791
0.001,48.74,5386,0.69744053,-1.9962018728256226,456195,0.1580384522676468,0.99,6530,84,456296
0.001,49.18,5392,0.50739622,-2.5085315704345703,456693,0.2500714063644409,0.99,6540,84,456794
0.001,49.36,5397,0.5126574600000001,-2.0248894691467285,457130,0.13361646234989166,0.99,6550,84,457231
0.001,50.11,5403,0.11003592999999996,-2.223111629486084,457636,0.14923566579818726,0.98,6560,84,457737
0.001,50.82,5410,0.008628309999999946,-2.5503129959106445,458244,0.16573165357112885,0.97,6570,84,458345
0.001,54.15,5418,-1.0134139700000002,-2.610269069671631,458945,0.09879745543003082,0.94,6580,84,459046
0.001,55.23,5425,-1.3244304299999998,-2.498530149459839,459534,0.13405191898345947,0.92,6590,84,459635
0.001,55.56,5432,-1.6209930399999999,-2.5234036445617676,460059,0.14120253920555115,0.91,6600,84,460160
0.001,55.5,5438,-1.58868338,-2.0268988609313965,460677,0.08240941166877747,0.91,6610,84,460778
0.001,56.33,5446,-1.7573398800000002,-2.3834915161132812,461323,0.2589670717716217,0.9,6620,84,461424
0.001,56.15,5451,-1.48860286,-2.3675537109375,461810,0.10493084043264389,0.9,6630,84,461911
0.001,56.4,5457,-1.65387117,-2.438210964202881,462333,0.17554357647895813,0.89,6640,84,462434
0.001,59.09,5464,-1.8925194200000002,-2.49407696723938,463039,0.1805528849363327,0.89,6650,84,463140
0.001,60.46,5472,-1.8165187900000002,-2.1140551567077637,463682,0.12336276471614838,0.89,6660,84,463783
0.001,59.04,5477,-1.7137474499999996,-1.7393772602081299,464148,0.2111169993877411,0.9,6670,84,464249
0.001,59.45,5486,-1.4141546600000001,-2.573654890060425,464890,0.2527831494808197,0.93,6680,84,464991
0.001,59.36,5493,-1.2883351600000004,-2.0577383041381836,465470,0.12844343483448029,0.94,6690,84,465571
0.001,59.41,5499,-1.2000614200000002,-2.052412986755371,466000,0.09825083613395691,0.95,6700,84,466101
0.001,58.87,5505,-1.2629351799999997,-2.4012036323547363,466564,0.16105902194976807,0.95,6710,84,466665
0.001,57.02,5510,-0.8860806300000003,-2.4599967002868652,467025,0.2386658638715744,0.96,6720,84,467126
0.001,56.38,5515,-0.9364955500000002,-1.7457647323608398,467448,0.22017742693424225,0.96,6730,84,467549
0.001,56.92,5521,-0.7508642500000002,-2.2190093994140625,468025,0.27167996764183044,0.97,6740,84,468126
0.001,53.8,5525,-0.53029555,-2.1921682357788086,468419,0.11982099711894989,0.97,6750,84,468520
0.001,55.77,5534,-1.06268544,-2.0189733505249023,469259,0.09950579702854156,0.96,6760,84,469360
0.001,62.66,5548,-1.67595595,-2.230199098587036,470414,0.32310616970062256,0.96,6770,84,470515
0.001,61.13,5554,-1.2895700700000001,-1.9463145732879639,471003,0.1293942630290985,0.96,6780,84,471104
0.001,59.82,5559,-0.93945034,-2.2484896183013916,471452,0.15279480814933777,0.97,6790,84,471553
0.001,59.41,5565,-1.0836574300000001,-2.401949882507324,471941,0.14012177288532257,0.95,6800,84,472042
0.001,58.91,5570,-1.0618772400000003,-2.1563353538513184,472455,0.19141432642936707,0.95,6810,84,472556
0.001,58.82,5575,-0.99738535,-2.3273210525512695,472907,0.10601484775543213,0.95,6820,84,473008
0.001,60.18,5581,-1.15118294,-2.6257314682006836,473466,0.1507985144853592,0.94,6830,84,473567
0.001,59.28,5587,-1.0657602899999996,-2.3730268478393555,473953,0.15635840594768524,0.94,6840,84,474054
0.001,59.57,5592,-1.11071114,-2.0619254112243652,474376,0.15095777809619904,0.93,6850,84,474477
0.001,59.45,5602,-0.7996948700000001,-1.8256832361221313,475204,0.1380782425403595,0.95,6860,84,475305
0.001,52.64,5608,-0.09661639000000016,-2.3819847106933594,475678,0.06474436074495316,0.95,6870,84,475779
0.001,51.92,5613,-0.39003372,-2.3513166904449463,476195,0.12563744187355042,0.94,6880,84,476296
0.001,51.98,5618,-0.5852037800000001,-2.551685333251953,476650,0.09263377636671066,0.94,6890,84,476751
0.001,51.28,5623,-0.35524305,-2.406911849975586,477069,0.21835729479789734,0.95,6900,84,477170
0.001,50.02,5627,-0.035561680000000054,-2.6673402786254883,477457,0.1839098036289215,0.96,6910,84,477558
0.001,49.8,5632,-0.02858051000000012,-2.100189685821533,477887,0.14199191331863403,0.96,6920,84,477988
0.001,49.13,5638,0.10289432000000007,-2.2009224891662598,478379,0.12045759707689285,0.97,6930,84,478480
0.001,48.48,5643,0.09202728999999998,-2.2044100761413574,478801,0.18258804082870483,0.97,6940,84,478902
0.001,50.3,5650,-0.29740587000000007,-2.295212507247925,479406,0.13577553629875183,0.97,6950,84,479507
0.001,46.87,5656,-0.17188989000000002,-2.4777040481567383,479891,0.1888059675693512,0.96,6960,84,479992
0.001,47.33,5663,-0.16786300999999998,-2.176194429397583,480411,0.1596742570400238,0.96,6970,84,480512
0.001,45.99,5668,0.37255635,-2.309792995452881,480794,0.1676703542470932,0.97,6980,84,480895
0.001,47.25,5674,0.4518463199999999,-2.1598076820373535,481375,0.10619774460792542,0.97,6990,84,481476
0.001,47.59,5679,0.38228162000000004,-2.0967957973480225,481828,0.2964603304862976,0.98,7000,84,481929
0.001,49.74,5686,0.12003649999999996,-2.322904109954834,482431,0.08393727988004684,0.98,7010,84,482532
0.001,54.52,5696,-0.47304143,-2.033421277999878,483339,0.17029160261154175,0.98,7020,84,483440
0.001,54.44,5701,-0.3202957800000002,-2.291306495666504,483823,0.11136895418167114,0.98,7030,84,483924
0.001,55.14,5707,-0.48017965000000035,-2.367626667022705,484315,0.13181176781654358,0.97,7040,84,484416
0.001,54.2,5713,-0.06503226000000012,-2.0984041690826416,484826,0.08153052628040314,0.98,7050,84,484927
0.001,54.35,5720,0.18645351999999984,-2.522409200668335,485326,0.11244996637105942,0.99,7060,84,485427
0.001,53.2,5724,0.23806232000000002,-2.2620534896850586,485731,0.13395529985427856,0.99,7070,84,485832
0.001,53.29,5729,0.18820584999999995,-2.2976157665252686,486123,0.1768309473991394,0.99,7080,84,486224
0.001,52.05,5734,0.016988259999999956,-2.6129350662231445,486580,0.18787062168121338,0.98,7090,84,486681
0.001,53.64,5741,0.16593873999999986,-2.379127264022827,487192,0.14975321292877197,0.98,7100,84,487293
0.001,53.09,5748,0.20317863999999983,-2.11849308013916,487740,0.14246442914009094,0.98,7110,84,487841
0.001,48.37,5753,0.78089406,-2.0191493034362793,488176,0.10163305699825287,0.98,7120,84,488277
0.001,49.7,5760,0.55797789,-2.105368137359619,488793,0.10832425206899643,0.98,7130,84,488894
0.001,48.98,5765,0.70099682,-2.1889801025390625,489213,0.1428578794002533,0.99,7140,84,489314
0.001,51.21,5774,0.42350256,-2.4243438243865967,489947,0.10865301638841629,0.99,7150,84,490048
0.001,51.02,5779,0.58482871,-1.9585014581680298,490428,0.31871506571769714,0.99,7160,84,490529
0.001,52.04,5785,0.59806529,-2.565624713897705,490935,0.1624150276184082,0.99,7170,84,491036
0.001,51.9,5789,0.5497419000000001,-2.1749682426452637,491313,0.1494564265012741,0.99,7180,84,491414
0.001,52.35,5795,0.55615758,-2.48815655708313,491815,0.1915341317653656,1.0,7190,84,491916
0.001,53.18,5803,0.1942942099999998,-2.218679904937744,492510,0.12497949600219727,1.0,7200,84,492611
0.001,54.21,5811,0.32411876999999994,-2.4613988399505615,493161,0.11928267031908035,1.0,7210,84,493262
0.001,54.3,5816,0.3764022199999999,-2.2533082962036133,493606,0.11396728456020355,1.0,7220,84,493707
0.001,52.74,5821,0.40444030000000003,-1.8697097301483154,494067,0.15400941669940948,1.0,7230,84,494168
0.001,52.25,5825,0.57715883,-2.1792798042297363,494438,0.12283894419670105,1.0,7240,84,494539
0.001,53.33,5836,0.41373420000000005,-2.017883062362671,495280,0.13976311683654785,1.0,7250,84,495381
0.001,54.69,5843,0.11684318000000005,-2.552389144897461,495897,0.20457863807678223,1.0,7260,84,495998
0.001,55.62,5849,-0.28913715999999995,-1.875425100326538,496497,0.13584545254707336,0.99,7270,84,496598
0.001,57.43,5856,-0.65350087,-2.3274500370025635,497056,0.08296998590230942,0.98,7280,84,497157
0.001,59.02,5863,-0.7111855100000001,-2.0234057903289795,497717,0.18966811895370483,0.98,7290,84,497818
0.001,57.35,5869,-0.49001431999999995,-1.7733428478240967,498245,0.13351577520370483,0.98,7300,84,498346
0.001,56.37,5875,-0.6820544799999999,-1.8965288400650024,498798,0.14261126518249512,0.97,7310,84,498899
0.001,56.8,5880,-0.7473548899999999,-2.467421531677246,499286,0.19068077206611633,0.97,7320,84,499387
0.001,57.08,5886,-0.6326398899999999,-2.342543125152588,499775,0.20726530253887177,0.97,7330,84,499876
